agosto|ag|ago
altezza|alt.za|altza
altezze|alt.ze|altze
antica|ant.a|anta
antiche|ant.e|ante
antichi|ant.i|anti
antico|ant.o|anto
aprile|apr
arcipelaghi|arcip.ghi|arcipghi
arcipelagho|arcip.gho|arcipgho
badde|b.de|bde
bassa|b.sa|bsa
bassi|b.si|bsi
basso|b.so|bso
basse|b.se|bse
bealera|b.ra|bra
bealere|b.re|bre
calvario|calv.o|calvo
canale|can.le|canle
canali|can.li|canli
caverna|cav.na|cavna
caverne|cav.ne|cavne
centrale|centr.e|ctrle
colla|c.la|cla
colle|c.le|cle
colletta|c.tta|ctta
collina|cll.a|clla
colline|cll.e|clle
collo|c.llo|cllo
cozzi|c.zi|czi
cozzo|c.zo|czo
commerciale|comm.le|commle
comunale|com.le|comle
comunità|comunita|com.ta|comta
decembre|dec
dicembre|dic|10.bre|10bre|10 bre|x.bre|xbre|x bre
distretto|distr.o|distro
diversivo|div.vo|divvo
fanteria|fant.a|fanta
febbraio|febbr|feb|fev
fontanile|font.ile|fontile
fonte|f.te|fte
fosso|f.so|fso
fossa|f.sa|fsa
fratelli|f.lli|flli
gennaio|gen
ghiacciai|gh.i|ghi
ghiacciaio|gh.io|ghio
giardino|g.no|gno
giardini|g.ni|gni
giugno|giug
giulio|giul
gran|gr
grande|gr.de|grde
grandi|gr.di|grdi
grossa|gr.sa|grsa
grosse|gr.se|grse
grossi|gr.si|grsi
grosso|gr.so|grso
grotta|gr.ta|grta
gortte|gr.te|grte
gruppi|gr.pi|grpi
gruppo|gr.po|grpo
incoronata|incor.ta
industria|ind.ia
industriale|ind.ale|indale
industriali|ind.ali|indali
inferiore|inf.e|infe
inferiori|inf.i|infi
internazionale|intern.le
internazionali|intern.li
interne|int.ne|intne
interni|int.ni|intni
interno|int.no|intno
laghetto|lag.to|lagto
lago|l
laguna|lag.a
lunghi|l.ghi|lghi
lungo|l.go|lgo
maggio|magg|mag
maddalena|madd.na|maddna
madonna|mad.na|madna
madonne|mad.ne|madne
maggiore|magg.re|maggre
maggiori|magg.ri|maggri
mandamento|mand.to|mandto
mannu|m.nu|mnu
marinella|marin.la|marinla
marino|m.ino|mrno
marittimo|maritt.o
marzo|mar
media|med.a
mediterraneo|medit.eo
metropolitana|metr.na|metrna|metro
militare|mil.re|milre
muri|m.ri|mri
muro|m.ro|mro
navigli|nav.i
naviglio|nav.o
nazionale|naz.le|nazle
nazionali|naz.li|nazli
nostra|n.ra|nra
nostro|n.ro|nro
novembre|nov|9.bre|9bre|9 bre|9.mbre|9mbre|9 mbre
nuova|n.va|nva
nuove|n.ve|nve
nuovi|n.vi|nvi
nuovo|n.vo|nvo
ottobre|ott|8.bre|8bre|8 bre
penisola|penis.a
piccola|p.cola|pcola
piccole|p.cole|pcole
piccoli|p.coli|pcoli
piccolo|p.colo|pcolo
settembre|sett|set|7.bre|7bre|7 bre