attorney|atty|attorney at law|atty at law
bachelor of arts|ba|b a|bachelor of art
bachelor of sciences|bs|b s|bachelor of science
esquire|esq
juris doctor|jd|j d
doctor of philosophy|phd|ph d|d phil
master of business administration|mba|m b a
master of science|ms|m s
bachelor of laws|llb|ll b
master of arts|ma|m a
doctor of divinity|dd|d d
master of fine arts|mfa|m f a|master in arts
medical doctor|md|m d|doctor of medicine
doctor of science|scd|sc d|d sc|dsc
master of laws|llm|ll m
doctor of letters|dlitt|d litt|d lit|litt d|lit d
master of public administration|mpa|m p a|m p adm
master of public policy|mpp|m p p
bachelor of education|b ed
master of education|m ed|mse|ms ed|m s ed|m s e
doctor of laws|lld|ll d|legum doctor
master of philosophy|m phil|mphil|ph m|phm
doctor of theology|th d|d th
master of engineering|m eng
registered nurse|rn
doctor of osteopathic medicine|d.o
doctor of pharmacy|pharm d|pharmd