alez
alezioù|aleziou
bali
banell
boulouard
etrezek
gardenn
gourhent
gwaremm
gwenodenn
gwenojenn
gwenod
hent
hent-bras|hent bras|hentbras
hent-dall|hent dall|hentdall
hent-don|hent don|hentdon
hent moned
hentoù|hentou
hent-tro|hent tro|henttro
impase
kae
kêr|ker
kêrig|kerig
kloz
kroas-hent|kroas hent|kroashent
kroasnent-tro|kroasnent tro|kroasnenttro
kroashent-tro|kroashent tro|kroashenttro
kroazhent-tro|kroazhent tro|kroazhenttro
lodennaoueg
mailh
plasenn
pont
reper
ru
ruioù|ruiou
skwar
strad
straed
streat
straedoù|straedou